CREATE TABLE ESTADO(
	CODESTADO INT PRIMARY KEY IDENTITY(1,1),
	NOMEESTADO NVARCHAR(50),
	UF NVARCHAR(2)
)

CREATE TABLE CIDADE(
	CODCIDADE INT PRIMARY KEY IDENTITY(1,1),
	CODESTADO INT,
	NOMECIDADE NVARCHAR(200)
)

CREATE TABLE ENDERECO(
	CODENDERECO INT PRIMARY KEY IDENTITY(1,1),
	CODCIDADE INT,
	CEP NVARCHAR(8),
	LOGRADOURO NVARCHAR(200),
	BAIRRO NVARCHAR(200),
	NUM NVARCHAR(10),
	COMPLEMENTO NVARCHAR(200)
)

CREATE TABLE ENDERECO_PESSOA(
	CODPESSOA INT NOT NULL,
	CODENDERECO INT NOT NULL,
	DATACADASTRO DATE,
	STATUS NVARCHAR(10)
)

CREATE TABLE PESSOA(
	CODPESSOA INT PRIMARY KEY IDENTITY(1,1),
	NOME NVARCHAR(200),
	CPF NVARCHAR(11),
	TELEFONE NVARCHAR(11),
	EMAIL NVARCHAR(200),
	SEXO NVARCHAR(1),
	DATANASCIMENTO DATE,
	DATACADASTRO DATE
)

CREATE TABLE FUNCIONARIO(
	CODFUNCIONARIO INT PRIMARY KEY,
	CODCARGO INT,
	TOTALHORASEXTRAS INT
)

CREATE TABLE CARGO(
	CODCARGO INT PRIMARY KEY IDENTITY(1,1),
	NOMECARGO NVARCHAR(100),
	SALARIOBASE DECIMAL(7,2),
	NIVEL NVARCHAR(100)
)

CREATE TABLE FILIAL(
	CODFILIAL INT PRIMARY KEY IDENTITY(1,1),
	CODENDERECO INT,
	CNPJ NVARCHAR(14),
	TELEFONE NVARCHAR(11),
	EMAIL NVARCHAR(100)
)

CREATE TABLE DEPARTAMENTO(
	CODDEPARTAMENTO INT PRIMARY KEY IDENTITY(1,1),
	NOMEDEPARTAMENTO NVARCHAR(50)
)

CREATE TABLE DEPARTAMENTO_FUNCIONARIO(
	CODDEPARTAMENTO INT NOT NULL,
	CODFUNCIONARIO INT NOT NULL,
	DATAADMISSAO DATE
)

CREATE TABLE FOLHAPAGAMENTO(
	CODIGO INT PRIMARY KEY IDENTITY(1,1),
	CODFUNCIONARIO INT,
	MESREFERENCIA NVARCHAR(2),
	SALARIOLIQUIDO DECIMAL(7,2),
	VALORHORAEXTRA DECIMAL(7,2),
	DESCONTO_INSS DECIMAL(7,2)
)

CREATE TABLE FILIAL_DEPARTAMENTO(
	CODFILIAL INT NOT NULL,
	CODDEPARTAMENTO INT NOT NULL,
	DATACADASTRO DATE,
	STATUS NVARCHAR(10)
)

ALTER TABLE FILIAL_DEPARTAMENTO
ADD CONSTRAINT PK_FILIAL_DEPARTAMENTO PRIMARY KEY(CODFILIAL, CODDEPARTAMENTO)

ALTER TABLE FILIAL_DEPARTAMENTO
ADD CONSTRAINT FK_FIDE_FILIAL FOREIGN KEY (CODFILIAL) 
REFERENCES FILIAL(CODFILIAL)

ALTER TABLE FILIAL_DEPARTAMENTO
ADD CONSTRAINT FK_FIDE_DEPARTAMENTO FOREIGN KEY (CODDEPARTAMENTO)
REFERENCES DEPARTAMENTO(CODDEPARTAMENTO)


ALTER TABLE DEPARTAMENTO_FUNCIONARIO
ADD CONSTRAINT PK_DEPARTAMENTO_FUNCIONARIO PRIMARY KEY (CODDEPARTAMENTO, CODFUNCIONARIO)

ALTER TABLE DEPARTAMENTO_FUNCIONARIO
ADD CONSTRAINT FK_DEFU_DEPARTAMENTO FOREIGN KEY (CODDEPARTAMENTO)
REFERENCES DEPARTAMENTO(CODDEPARTAMENTO)

ALTER TABLE DEPARTAMENTO_FUNCIONARIO
ADD CONSTRAINT FK_DEFU_FUNCIONARIO FOREIGN KEY (CODFUNCIONARIO)
REFERENCES FUNCIONARIO(CODFUNCIONARIO)


ALTER TABLE ENDERECO_PESSOA
ADD CONSTRAINT PK_ENDERECO_PESSOA PRIMARY KEY(CODPESSOA, CODENDERECO)

ALTER TABLE ENDERECO_PESSOA
ADD CONSTRAINT FK_ENPE_ENDERECO FOREIGN KEY (CODENDERECO)
REFERENCES ENDERECO(CODENDERECO)

ALTER TABLE ENDERECO_PESSOA
ADD CONSTRAINT FK_ENPE_PESSOA FOREIGN KEY (CODPESSOA)
REFERENCES PESSOA(CODPESSOA)


ALTER TABLE CIDADE
ADD CONSTRAINT FK_CIDADE_ESTADO FOREIGN KEY (CODESTADO)
REFERENCES ESTADO(CODESTADO)

ALTER TABLE ENDERECO
ADD CONSTRAINT FK_ENDERECO_CIDADE FOREIGN KEY (CODCIDADE)
REFERENCES CIDADE(CODCIDADE)

ALTER TABLE FILIAL
ADD CONSTRAINT FK_FILIAL_ENDERECO FOREIGN KEY (CODENDERECO)
REFERENCES ENDERECO(CODENDERECO)

ALTER TABLE FUNCIONARIO
ADD CONSTRAINT FK_FUNCIONARIO_PESSOA FOREIGN KEY (CODFUNCIONARIO)
REFERENCES PESSOA(CODPESSOA)

ALTER TABLE FUNCIONARIO
ADD CONSTRAINT FK_FUNCIONARIO_CARGO FOREIGN KEY (CODCARGO)
REFERENCES CARGO(CODCARGO)

ALTER TABLE FOLHAPAGAMENTO
ADD CONSTRAINT FK_FOLHAPAGAMENTO_FUNCIONARIO FOREIGN KEY (CODFUNCIONARIO)
REFERENCES FUNCIONARIO(CODFUNCIONARIO)

INSERT INTO ESTADO VALUES 
('São Paulo', 'SP'), ('Rio de Janeiro', 'RJ'), ('Minas Gerais', 'MG')

INSERT INTO CIDADE VALUES
(1, 'Lorena'), (1,'Cruzeiro'), (2, 'Penedro'), (2,'Volta Redonda'), (3, 'Juiz de Fora')

INSERT INTO ENDERECO
(CODCIDADE, CEP, LOGRADOURO, BAIRRO, NUM)
VALUES
(1, '12609150', 'Rua Aspirante Eduardo Roberto Areco', 'Parque Mondesir', '12'),
(1, '12605280', 'Rua José Pereira Penque', 'Vila Passos', '41'),
(1, '12604095', 'Avenida Ângelo Molinari', 'Vila Geny', '90'),
(2, '12710370', 'Rua José Gabriel Giglio', 'Vila Paulo Romeu', '520'),
(2, '12721646', 'Rua Benedito Sebastião Marchesani', 'Loteamento Residencial Vista Verde', '1233'),
(3, '27598970', 'Rua das Velas 100', 'Fazenda Penedo', '12A'),
(4, '27275406', 'Rua Frei Monte Alverne', 'Jardim Cidade do Aço', '1234'),
(4, '27210100', 'Rua Salvador', 'Morro da Conquista', '131'),
(5, '36071540', 'Rua Dez', 'Santo Antônio', '899'),
(5, '36070110', 'Rua São Geraldo', 'Costa Carvalho', '943')

INSERT INTO PESSOA 
(NOME, CPF, TELEFONE, EMAIL, SEXO, DATACADASTRO)
VALUES
('Teresinha Isabela Lopes', '49004784829', '18986692752', 'teresinha_lopes@accardoso.com.br', 'F', GETDATE()),
('Benício Marcos Duarte', '17413217864', '15989504852', 'benicio.marcos.duarte@rafaelsouza.com.br', 'M', GETDATE()),
('Lara Alessandra Kamilly Galvão', '30580352846', '11981438461', 'lara_galvao@imoveisvillani.com.br', 'F', GETDATE()),
('Rafaela Fernanda Caldeira', '14034707828', '15999390013', 'rafaela.fernanda.caldeira@band.com.br', 'F',GETDATE()),
('Severino Caio André Figueiredo', '48673853877', '11992748989', 'severino_figueiredo@cielo.com.br', 'M', GETDATE()),
('Kamilly Ester Maitê Gonçalves', '15896596863', '17986630346', 'kamilly_ester_goncalves@papayacomunicacao.com.br', 'F', GETDATE()),
('Sebastião Levi Brito', '68245698873', '12991535678', 'sebastiaolevibrito@unicohost.com.br', 'M', GETDATE()),
('Joana Valentina Figueiredo', '79119523882', '16995830574', 'joanavalentinafigueiredo@gamal.com.br', 'F', GETDATE()),
('Lívia Ayla Monteiro', '66495810890', '11998209681', 'liviaaylamonteiro@rcstechnology.com.br', 'F', GETDATE()),
('Daniel Leonardo Pinto', '88760283823', '11997626735', 'daniel-pinto91@unimedara.com.br', 'M', GETDATE())

INSERT INTO ENDERECO_PESSOA VALUES
(1,1, GETDATE(), 'ATIVO'),
(2,2, GETDATE(), 'ATIVO'),
(2,8, GETDATE(), 'ATIVO'),
(3,4, GETDATE(), 'ATIVO'),
(4,3, GETDATE(), 'ATIVO'),
(3,6, GETDATE(), 'ATIVO'),
(5,2, GETDATE(), 'ATIVO'),
(6,5, GETDATE(), 'ATIVO'),
(7,9, GETDATE(), 'ATIVO'),
(8,7, GETDATE(), 'ATIVO'),
(10,9, GETDATE(), 'ATIVO'),
(9,7, GETDATE(), 'ATIVO'),
(8,8, GETDATE(), 'ATIVO')


INSERT INTO CARGO VALUES 
('Gerente', 3500.00, 'Sênior'),
('Operador', 2000, 'Junior'),
('Financeiro', 2500, 'Junior'),
('Analista', 2000, 'Junior'),
('Estagiário', 700, 'Estagiário') 


INSERT INTO FUNCIONARIO VALUES
(1, 1, 5), (2, 2, 3), (3, 3, 2), (4, 4,0), (5,5, 10), (6, 1, 5), (7, 2, 6), (8, 3, 5), (9, 4, 2), (10, 5, 3)

INSERT INTO FILIAL VALUES
(1, '78914401000144', '1427937811', 'producao@marcelaehenriquejoalheriame.com.br'),
(2, '15931020000153', '14987965375', 'manutencao@alessandraecesarferragensltda.com.br'),
(3, '46335368000101', '19986287319', 'contabil@oliverealiciatelecomme.com.br'),
(4, '77518380000185', '11981154083', 'presidencia@giovanaehenrycasanoturname.com.br'),
(5, '92046893000124', '19982133063', 'desenvolvimento@giovannaejorgealimentosltda.com.br'),
(6, '67078556000171', '17993125904', 'cobranca@reginaegiovanniadvocaciame.com.br'),
(7, '95816026000119', '11987783210', 'producao@taniaeerickcontabilme.com.br'),
(8, '44137057000102', '11988740903', 'almoxarifado@marinaeaugustoadvocacialtda.com.br'),
(9, '44137057000102', '1127974481', 'almoxarifado@marinaeaugustoadvocacialtda.com.br'),
(10, '02794399000155', '14988851425', 'cobranca@giovannaemariolavanderiame.com.br')

INSERT INTO DEPARTAMENTO VALUES
('Administrativo'), 
('Financeiro'), 
('Recursos Humanos'), 
('Comercial'), 
('Operacional'), 
('Tecnologia da Informação')

INSERT INTO FILIAL_DEPARTAMENTO VALUES
(1, 1, GETDATE(), 'ATIVO'), (1, 2, GETDATE(), 'ATIVO'), (1, 3, GETDATE(), 'ATIVO'), (1, 4, GETDATE(), 'ATIVO'), (1, 5, GETDATE(), 'ATIVO'), (1, 6, GETDATE(), 'ATIVO'),
(2, 1, GETDATE(), 'ATIVO'), (2,2, GETDATE(), 'ATIVO'), (2,3, GETDATE(), 'ATIVO'), (2,4, GETDATE(), 'ATIVO'), (2,5, GETDATE(), 'ATIVO'),(2,6, GETDATE(), 'ATIVO'),
(3, 1, GETDATE(), 'ATIVO'),(3, 2,GETDATE(), 'ATIVO'),(3, 3,GETDATE(), 'ATIVO'),(3, 4,GETDATE(), 'ATIVO'),(3, 5,GETDATE(), 'ATIVO'),(3, 6,GETDATE(), 'ATIVO'),
(4, 1, GETDATE(), 'ATIVO'),(4, 2,GETDATE(), 'ATIVO'),(4, 3,GETDATE(), 'ATIVO'),(4, 4,GETDATE(), 'ATIVO'),(4, 5,GETDATE(), 'ATIVO'),(4, 6,GETDATE(), 'ATIVO'),
(5, 1, GETDATE(), 'ATIVO'),(5, 2, GETDATE(), 'ATIVO'),(5, 3, GETDATE(), 'ATIVO'),(5, 4, GETDATE(), 'ATIVO'),(5, 5, GETDATE(), 'ATIVO'),(5, 6, GETDATE(), 'ATIVO'),
(6, 1, GETDATE(), 'ATIVO'), (6,2, GETDATE(), 'ATIVO'),(6,3, GETDATE(), 'ATIVO'),(6,4, GETDATE(), 'ATIVO'),(6,5, GETDATE(), 'ATIVO'),(6,6, GETDATE(), 'ATIVO'),
(7, 1, GETDATE(), 'ATIVO'),(7, 2, GETDATE(), 'ATIVO'),(7, 3, GETDATE(), 'ATIVO'),(7, 4, GETDATE(), 'ATIVO'),(7, 5, GETDATE(), 'ATIVO'),(7, 6, GETDATE(), 'ATIVO'),
(8, 1, GETDATE(), 'ATIVO'),(8, 2, GETDATE(), 'ATIVO'),(8, 3, GETDATE(), 'ATIVO'),(8, 4, GETDATE(), 'ATIVO'),(8, 5, GETDATE(), 'ATIVO'),(8, 6, GETDATE(), 'ATIVO'),
(9, 1, GETDATE(), 'ATIVO'), (9, 2, GETDATE(), 'ATIVO'), (9, 3, GETDATE(), 'ATIVO'), (9, 4, GETDATE(), 'ATIVO'), (9, 5, GETDATE(), 'ATIVO'), (9, 6, GETDATE(), 'ATIVO'), 
(10, 1, GETDATE(), 'ATIVO'), (10, 2, GETDATE(), 'ATIVO'), (10, 3, GETDATE(), 'ATIVO'), (10, 4, GETDATE(), 'ATIVO'), (10, 5, GETDATE(), 'ATIVO'), (10, 6, GETDATE(), 'ATIVO')


INSERT INTO DEPARTAMENTO_FUNCIONARIO VALUES
(1, 1, '2020-03-15'),
(2, 1, '2020-03-15'),
(3, 1, '2020-03-15'),
(4, 6, '2019-07-10'),
(5, 6, '2019-07-10'),
(6, 6, '2019-07-10'),
(5, 2, '2021-01-20'),
(5, 7, '2021-05-08'),
(2, 3, '2020-11-03'),
(2, 8, '2022-02-14'),
(6, 4, '2021-08-22'),
(6, 9, '2023-01-05'),
(3, 5,  '2024-03-01'),
(3, 10, '2024-06-15')

INSERT INTO FOLHAPAGAMENTO VALUES
(1, '03', 3199.32, 119.32, 420.00),
(1, '04', 3080.00, 0.00,   420.00),
(2, '03', 1860.91, 40.91, 180.00),
(2, '04', 1820.00, 0.00,  180.00),
(3, '03', 2234.09, 34.09, 300.00),
(3, '04', 2200.00, 0.00,  300.00),
(4, '03', 1820.00, 0.00,  180.00),
(4, '04', 1820.00, 0.00,  180.00),
(5, '03', 695.23, 47.73, 52.50),
(5, '04', 647.50, 0.00,  52.50),
(6, '03', 3199.32, 119.32, 420.00),
(6, '04', 3080.00, 0.00,   420.00),
(7, '03', 1901.82, 81.82, 180.00),
(7, '04', 1820.00, 0.00,  180.00),
(8, '03', 2285.23, 85.23, 300.00),
(8, '04', 2200.00, 0.00,  300.00),
(9, '03', 1847.27, 27.27, 180.00),
(9, '04', 1820.00, 0.00,  180.00),
(10, '03', 661.82, 14.32, 52.50),
(10, '04', 647.50, 0.00,  52.50)

SELECT PE.CODPESSOA, PE.NOME, PE.CPF, PE.TELEFONE, CI.NOMECIDADE, ES.UF
FROM ESTADO ES
INNER JOIN CIDADE CI ON ES.CODESTADO = CI.CODESTADO
INNER JOIN ENDERECO EN ON CI.CODCIDADE = EN.CODCIDADE
INNER JOIN ENDERECO_PESSOA EP ON EN.CODENDERECO = EP.CODENDERECO
INNER JOIN PESSOA PE ON EP.CODPESSOA = PE.CODPESSOA
ORDER BY ES.UF DESC, CI.NOMECIDADE 


SELECT FU.CODFUNCIONARIO, CA.NOMECARGO, CA.SALARIOBASE, CA.NIVEL, FU.TOTALHORASEXTRAS, FP.MESREFERENCIA, FP.SALARIOLIQUIDO, FP.DESCONTO_INSS
FROM CARGO CA
INNER JOIN FUNCIONARIO FU ON CA.CODCARGO = FU.CODFUNCIONARIO
INNER JOIN FOLHAPAGAMENTO FP ON FU.CODFUNCIONARIO = FP.CODFUNCIONARIO
ORDER BY FP.MESREFERENCIA, FU.CODFUNCIONARIO


SELECT PE.NOME, DF.DATAADMISSAO, CA.NOMECARGO , DE.NOMEDEPARTAMENTO, CI.NOMECIDADE, ES.UF 
FROM ESTADO ES
INNER JOIN CIDADE CI ON ES.CODESTADO = CI.CODESTADO
INNER JOIN ENDERECO EN ON CI.CODCIDADE = EN.CODCIDADE
INNER JOIN ENDERECO_PESSOA EP ON EN.CODENDERECO = EP.CODENDERECO
INNER JOIN PESSOA PE ON EP.CODPESSOA = PE.CODPESSOA
INNER JOIN FUNCIONARIO FU ON PE.CODPESSOA = FU.CODFUNCIONARIO
INNER JOIN CARGO CA ON FU.CODCARGO = CA.CODCARGO
INNER JOIN DEPARTAMENTO_FUNCIONARIO DF ON FU.CODFUNCIONARIO = DF.CODFUNCIONARIO
INNER JOIN DEPARTAMENTO DE ON DF.CODDEPARTAMENTO = DE.CODDEPARTAMENTO
ORDER BY CA.NOMECARGO
